.//============================================================================
.// $RCSfile: t.component.ipxact.register.xml,v $
.//
.// Notice:
.// (C) Copyright 1998-2013 Mentor Graphics Corporation
.//     All rights reserved.
.//
.// This document contains confidential and proprietary information and
.// property of Mentor Graphics Corp.  No part of this document may be
.// reproduced without the express written permission of Mentor Graphics Corp.
.//============================================================================
            <spirit:register>
               <spirit:name>${register_name}</spirit:name>
               <spirit:description>${register_description}</spirit:description>
               <spirit:dim>1</spirit:dim>
               <spirit:addressOffset>${register_address}</spirit:addressOffset>
               <spirit:typeIdentifier>${register_name}</spirit:typeIdentifier>
               <spirit:size>32</spirit:size>
               <spirit:access>read-write</spirit:access>
               <spirit:reset>
                  <spirit:value>0</spirit:value>
                  <spirit:mask>4294967295</spirit:mask>
               </spirit:reset>
               <spirit:field>
                  <spirit:name>${register_name}</spirit:name>
                  <spirit:description>${register_description}</spirit:description>
                  <spirit:bitOffset>0</spirit:bitOffset>
                  <spirit:bitWidth>32</spirit:bitWidth>
                  <spirit:access>read-write</spirit:access>
                  <spirit:vendorExtensions>
                     <soc:reserved>false</soc:reserved>
                     <soc:bitOffset>0</soc:bitOffset>
                     <soc:resetValue>0b00000000000000000000000000000000</soc:resetValue>
                     <soc:readAccessType>
                        <soc:readAccess>R</soc:readAccess>
                     </soc:readAccessType>
                     <soc:writeAccessType>
                        <soc:writeAccess>W</soc:writeAccess>
                     </soc:writeAccessType>
                  </spirit:vendorExtensions>
               </spirit:field>
               <spirit:vendorExtensions>
                  <soc:properties>
                     <soc:property spirit:name="AccessPort">${te_po.name}_i</soc:property>
                  </soc:properties>
                  <soc:socratesInfo/>
                  <soc:reserved>false</soc:reserved>
                  <soc:accessible>true</soc:accessible>
                  <soc:offsetAddress>${register_address}</soc:offsetAddress>
                  <soc:index>0</soc:index>
                  <soc:arraySize>1</soc:arraySize>
                  <soc:bitOffset>0</soc:bitOffset>
               </spirit:vendorExtensions>
            </spirit:register>
