.//============================================================================
.// $RCSfile: t.component.ipxact.busInterface.xml,v $
.//
.// Notice:
.// (C) Copyright 1998-2013 Mentor Graphics Corporation
.//     All rights reserved.
.//
.// This document contains confidential and proprietary information and
.// property of Mentor Graphics Corp.  No part of this document may be
.// reproduced without the express written permission of Mentor Graphics Corp.
.//============================================================================
      <spirit:busInterface>
         <spirit:name>${te_po.name}_i</spirit:name>
         <spirit:description/>
         <spirit:busType spirit:library="Socrates" spirit:name="Default" spirit:vendor="Duolog"
                         spirit:version="0"/>
         <spirit:slave>
            <spirit:memoryMapRef spirit:memoryMapRef="${te_po.name}_mem"/>
         </spirit:slave>
         <spirit:vendorExtensions>
            <soc:addressWidth>${address_width}</soc:addressWidth>
            <soc:range>${address_space_range}</soc:range>
            <soc:accessSize>32</soc:accessSize>
            <soc:dataWidth spirit:format="long">32</soc:dataWidth>
         </spirit:vendorExtensions>
      </spirit:busInterface>
