.//============================================================================
.// $RCSfile: t.component.ipxact.memory.xml,v $
.//
.// Notice:
.// (C) Copyright 1998-2013 Mentor Graphics Corporation
.//     All rights reserved.
.//
.// This document contains confidential and proprietary information and
.// property of Mentor Graphics Corp.  No part of this document may be
.// reproduced without the express written permission of Mentor Graphics Corp.
.//============================================================================
         <spirit:addressBlock>
            <spirit:name>${memory_name}</spirit:name>
            <spirit:baseAddress>${memory_offset}</spirit:baseAddress>
            <spirit:range>${memory_size}</spirit:range>
            <spirit:width>32</spirit:width>
            <spirit:usage>memory</spirit:usage>
			<spirit:access>read-write</spirit:access>
         </spirit:addressBlock>
