.//============================================================================
.// $RCSfile: t.component.ipxact.registers.xml,v $
.//
.// Notice:
.// (C) Copyright 1998-2013 Mentor Graphics Corporation
.//     All rights reserved.
.//
.// This document contains confidential and proprietary information and
.// property of Mentor Graphics Corp.  No part of this document may be
.// reproduced without the express written permission of Mentor Graphics Corp.
.//============================================================================
      <spirit:memoryMap>
         <spirit:name>${te_po.name}_mem</spirit:name>
         <spirit:addressBlock>
            <spirit:name>__ALL__</spirit:name>
            <spirit:baseAddress>0</spirit:baseAddress>
            <spirit:range>${address_space_range}</spirit:range>
            <spirit:width>32</spirit:width>
            <spirit:usage>register</spirit:usage>
${register_declaration}			
         </spirit:addressBlock>
${memory_declaration}
      </spirit:memoryMap>
